source_file,chunk_id,text
nsw_tenancy_agreement.pdf,nsw_tenancy_agreement.pdf__00000,"Residential tenancy agreement | 19 May 2025 Page 1 of 18
525091_0066TF
NSW Fair Trading
Standard form from 19 May 2025
Residential tenancy agreement
Residential Tenancies Regulation 2019 Schedule 1 Standard Form Agreement (Clause 4(1))
IMPORTANT INFORMATION
Please read this before completing the residential tenancy agreement (the Agreement). 1. This form is your written record of your tenancy agreement. This is a binding contract under the Residential
Tenancies Act 2010, so please read all terms and conditions carefully."
nsw_tenancy_agreement.pdf,nsw_tenancy_agreement.pdf__00001,"2. If you need advice or information on your rights and responsibilities, please call NSW Fair Trading on 13 32 20
or visit nsw.gov.au/fair-trading before signing the Agreement. 3. If you require extra space to list additional items and terms, attach a separate sheet."
nsw_tenancy_agreement.pdf,nsw_tenancy_agreement.pdf__00002,"All attachments should
be signed and dated by both the landlord or the landlord’s agent and the tenant to show that both parties have
read and agree to the attachments. 4. The landlord or the landlord’s agent must give the tenant a copy of the signed Agreement and any attachments,
two copies or one electronic copy of the completed condition report and a copy of the Tenant Information
Statement published by NSW Fair Trading. THIS AGREEMENT WAS MADE ON AT
BETWEEN
Landlord Name (1):
Landlord Name (2):
Landlord telephone number and other contact details:
If not in NSW, the State, Territory or country (if not Australia) the landlord ordinarily resides in:
Note: The above information must be provided for landlord(s), whether or not there is a landlord’s agent."
nsw_tenancy_agreement.pdf,nsw_tenancy_agreement.pdf__00003,"Address for service of notices (can be an agent’s address):
Suburb: State: Postcode:
Note: The landlord(s) business address or residential address must be provided for landlord(s) if there is
no landlord’s agent. Tenant Name (1):
Tenant Name (2):
Tenant Name (3):
All other tenants here:
525091_0066TF
Address for service of notices (if different to address of residential premises):
Suburb: State: Postcode:
Contact details:
Landlord’s agent details: (If applicable)
Agent name:
Business address for service of notices:
Suburb: State: Postcode:
Contact details: (This must include a telephone number)
Tenant’s agent details: (If applicable)
Agent name:
Business address for service of notices:
Suburb: State: Postcode:
Contact details:
Term of agreement:
6 months 12 months 2 years 3 years 5 years
Other (please specify): Periodic (no end date)
starting on and ending on (Cross out if not applicable) dd/mm/yyyy
Note: For a residential tenancy agreement having a fixed term of more than 3 years, the agreement must be annexed to
the form approved by the Registrar-General for registration under the Real Property Act 1900. Residential premises:
The residential premises are (Insert address):
The residential premises include:
(Insert any inclusions, for example a parking space or furniture provided. Attach additional pages if necessary.)"
nsw_tenancy_agreement.pdf,nsw_tenancy_agreement.pdf__00004,"Residential tenancy agreement | 19 May 2025 Page 2 of 18
525091_0066TF
Rent:
The rent is $:
Rent must be paid per:
week fortnight Other (Insert description of payment frequency):
Day rent must be paid: Date first rent payment is due: dd/mm/yyyy
Note: The landlord, or landlord’s agent, must not require a tenant to pay more than 2 weeks rent in advance under this
agreement. Rent must be paid by:
approved electronic bank transfer (such as direct debit, bank transfer or BPAY)
Centrepay
Other
Note: The landlord, or landlord’s agent, must offer the tenant the ability to pay rent by an approved electronic bank
transfer method. The electronic bank transfer method must be free of charge to the tenant, other than charges
ordinarily imposed by the tenant’s bank. From a date notified in the Gazette by the Minister for Better Regulation and
Fair Trading, the landlord, or landlord’s agent, must also offer the tenant the ability to pay rent by Centrepay."
nsw_tenancy_agreement.pdf,nsw_tenancy_agreement.pdf__00005,"The landlord and the tenant may agree on a different payment method. The landlord must not require the tenant to use
a specific service provider to pay rent. Details of payment method:
Note: The landlord, or landlord’s agent, must not charge a fee, or pass on a cost incurred by the landlord or landlord’s
agent, for the payment of rent by an approved electronic bank transfer method or by Centrepay. Rental Bond
(Cross out if there is not going to be a bond):
A rental bond of $: must be paid by the tenant on signing this agreement."
nsw_tenancy_agreement.pdf,nsw_tenancy_agreement.pdf__00006,"The amount of the
rental bond must not be more than 4 weeks rent. The tenant provided the rental bond amount to:
the landlord or another person, or
the landlord’s agent, or
NSW Fair Trading through Rental Bond Online. Note: All rental bonds must be lodged with NSW Fair Trading. If the bond is paid to the landlord or another person, it
must be deposited within 10 working days after it is paid using the Fair Trading approved form."
nsw_tenancy_agreement.pdf,nsw_tenancy_agreement.pdf__00007,"If the bond is paid to the
landlord’s agent, it must be deposited within 10 working days after the end of the month in which it is paid. Residential tenancy agreement | 19 May 2025 Page 3 of 18
525091_0066TF
Important Information
Maximum number of occupants
No more than persons may ordinarily live in the premises at any one time. Urgent repairs
Nominated tradespeople for urgent repairs
Electrical repairs: Telephone:
Plumbing repairs: Telephone:
Other repairs: Telephone:
Water usage
Will the tenant be required to pay separately for water usage? Yes No
If yes, see clauses 12 and 13."
nsw_tenancy_agreement.pdf,nsw_tenancy_agreement.pdf__00008,"Utilities
Is electricity supplied to the premises from an embedded network? Yes No
Is gas supplied to the premises from an embedded network? Yes No
For more information on consumer rights if electricity or gas is supplied from an embedded network contact NSW
Fair Trading. Smoke alarms
Indicate whether the smoke alarms installed in the residential premises are hardwired or battery operated:
Hardwired smoke alarms
Battery operated smoke alarms
If the smoke alarms are battery operated, are the batteries in the smoke alarms of a kind the tenant can replace?"
nsw_tenancy_agreement.pdf,nsw_tenancy_agreement.pdf__00009,"Yes No
If yes, specify the type of battery that needs to be used if the battery in the smoke alarm needs to be replaced:
If the smoke alarms are hardwired, are the back-up batteries in the smoke alarms of a kind the tenant can replace? Yes No
If yes, specify the type of back-up battery that needs to be used if the back-up battery in the smoke alarm needs to
be replaced:
If the Strata Schemes Management Act 2015 applies to the residential premises, is the owners corporation of the
strata scheme responsible for the repair and replacement of smoke alarms in the residential premises? Yes No
Residential tenancy agreement | 19 May 2025 Page 4 of 18
525091_0066TF
Strata by-laws
Are there any strata or community scheme by-laws applicable to the residential premises? Yes No
If yes, see clauses 38 and 39."
nsw_tenancy_agreement.pdf,nsw_tenancy_agreement.pdf__00010,"Giving notices and other documents electronically (Cross out if not applicable)
Indicate below for each person whether the person provides express consent to any notice and any other document
under section 223 of the Residential Tenancies Act 2010 being given or served on them by email. The Electronic
Transactions Act 2000 applies to notices and other documents you send or receive electronically. Note: You should only consent to electronic service if you check your emails regularly. If there is more than one tenant
on the agreement, all tenants should agree on a single email address for electronic service."
nsw_tenancy_agreement.pdf,nsw_tenancy_agreement.pdf__00011,"This will help ensure co-
tenants receive notices and other documents at the same time. Landlord
Does the landlord give express consent to the electronic service of notices and documents? Yes No
If yes, see clause 50. (Specify email address to be used for the purpose of serving notices and documents.)"
nsw_tenancy_agreement.pdf,nsw_tenancy_agreement.pdf__00012,"Tenant
Does the tenant give express consent to the electronic service of notices and documents? Yes No
If yes, see clause 50. (Specify email address to be used for the purpose of serving notices and documents.) Condition report
A condition report relating to the condition of the premises must be completed by or on behalf of the landlord
before or when this agreement is given to the tenant for signing."
nsw_tenancy_agreement.pdf,nsw_tenancy_agreement.pdf__00013,"Tenancy laws
The Residential Tenancies Act 2010 and the Residential Tenancies Regulation 2019 apply to this agreement. Both
the landlord and the tenant must comply with these laws. Residential tenancy agreement | 19 May 2025 Page 5 of 18
525091_0066TF
The Agreement 4.6 to accept payment on unpaid rent after the
landlord has given a termination notice on the
ground of failure to pay rent if the tenant has
RIGHT TO OCCUPY THE PREMISES
not vacated the residential premises, and
1. The landlord agrees that the tenant has the right 4.7 to not use rent paid by the tenant for the
to occupy the residential premises during the purpose of any amount payable by the tenant
tenancy."
nsw_tenancy_agreement.pdf,nsw_tenancy_agreement.pdf__00014,"The residential premises include the other than rent, and
additional things (if any) noted under ‘Residential 4.8 if rent is paid by cheque – to make a rent
premises’ on page 2 of this agreement. receipt available for collection by the tenant,
to post it to the residential premises or to
COPY OF AGREEMENT send it by email to an email address specified
in this agreement by the tenant for the
2. The landlord agrees to give the tenant: service of documents of that kind, and
2.1 a copy of this agreement before or when the 4.9 if rent is not paid by cheque and is paid in
tenant gives the signed copy of the agreement person – to give a rent receipt to the tenant, and
to the landlord or landlord’s agent, and
4.10 to keep a record of rent paid under this
2.2 a copy of this agreement signed by both agreement and to provide a written statement
the landlord and the tenant as soon as is showing the rent record for a specified
reasonably practicable. period within 7 days of a request by tenant,
unless the landlord has previously provided a
RENT statement for the same period."
nsw_tenancy_agreement.pdf,nsw_tenancy_agreement.pdf__00015,"Note: The requirements relating to Centrepay do
3. The tenant agrees:
not apply to a residential tenancy agreement until a
3.1 to pay rent on time, and date notified in the Gazette by the Minister for Better
3.2 to reimburse the landlord for the cost of Regulation and Fair Trading. replacing rent deposit books or rent cards lost
by the tenant, and RENT INCREASES
3.3 to reimburse the landlord for the amount of
5. The landlord and the tenant agree that the rent
any fees paid by the landlord to a bank or other
cannot be increased, unless the landlord gives not
authorised deposit-taking institution as a result
less than 60 days written notice of the increase to
of funds of the tenant not being available for
the tenant."
nsw_tenancy_agreement.pdf,nsw_tenancy_agreement.pdf__00016,"The notice must specify the increased
rent payment on the due date, and
rent and the day from which it is payable. 3.4 that the rent payment method may only be
6. The landlord and the tenant agree that the rent
changed by agreement between the landlord
may not be increased more than once in any
and the tenant. 12-month period."
nsw_tenancy_agreement.pdf,nsw_tenancy_agreement.pdf__00017,"4. The landlord agrees:
Note: The period of 12 months includes the time
4.1 to not require the tenant to pay more than during which a previous residential tenancy
2 weeks rent in advance or to pay rent for a agreement was in force if –
payment period before the end of the previous
(a) this agreement is a renewal or replacement of
payment period, and
the previous agreement, and
4.2 to offer the tenant the option to pay rent by an
(b) the landlord and at least one tenant are the
approved electronic bank transfer method or
same for both agreements, and
by Centrepay and , if chosen by the tenant, to
(c) under the previous agreement, the tenant
enable payment by that method, and
occupied the residential premises immediately
4.3 to not charge fees or pass on costs incurred
before the start of this agreement. for the payment of rent by an approved
7. The landlord and the tenant agree:
electronic bank transfer method or by
7.1 that the increased rent is payable from the
Centrepay, and
day specified in the notice, and
4.4 that the rent payment method may only be
7.2 t hat the landlord may cancel or reduce the
changed by agreement between the landlord
rent increase by a later notice that takes effect
and the tenant, and the landlord will not
on the same day as the original notice, and
refuse if the tenant requests to change to an
approved electronic bank transfer method or 7.3 that increased rent under this agreement
to Centrepay, and is not payable unless the rent is increased
in accordance with this agreement and the
4.5 to not require the tenant to pay rent by a
Residential Tenancies Act 2010 or by the Civil
cheque or other negotiable instrument that is
and Administrative Tribunal."
nsw_tenancy_agreement.pdf,nsw_tenancy_agreement.pdf__00018,"post-dated, and
Residential tenancy agreement | 19 May 2025 Page 6 of 18
525091_0066TF
RENT REDUCTIONS 10.9 the costs and charges for repair,
maintenance or other work carried out on
8. The landlord and the tenant agree that the rent
the residential premises which is required
abates if the residential premises:
to facilitate the proper installation or
8.1 are destroyed, or become wholly or partly replacement of an electricity meter, in
uninhabitable, otherwise than as a result of a working order, including an advance meter,
breach of this agreement, or if the meter installation is required by the
8.2 cease to be lawfully usable as a residence, or retailer to replace an existing meter because
the meter is faulty, testing indicates the
8.3 are compulsorily appropriated or acquired by
meter may become faulty or the meter has
an authority. reached the end of its life. 9."
nsw_tenancy_agreement.pdf,nsw_tenancy_agreement.pdf__00019,"The landlord and the tenant may, at any time during
11. The tenant agrees to pay:
this agreement, agree to reduce the rent payable. 11.1 all charges for the supply of electricity or oil
to the tenant at the residential premises if
PAYMENT OF COUNCIL RATES, LAND TAX,
the premises are separately metered, and
WATER AND OTHER CHARGES
11.2 all charges for the supply of non-bottled gas
10. The landlord agrees to pay: to the tenant at the residential premises if
10.1 rates, taxes or charges payable under any the premises are separately metered, unless
Act (other than charges payable by the the premises do not have any appliances
tenant under this agreement), and supplied by the landlord for which gas is
required and the tenant does not use gas
10.2 the installation costs and charges for initial
supplied to the premises, and
connection to the residential premises of
an electricity, water, gas, bottled gas or oil Note: Charges for the supply of gas in certain
supply service, and circumstances may also be payable by a tenant
under a social housing agreement in accordance
10.3 all charges for the supply of electricity,
with clause 36 of the Residential Tenancies
non-bottled gas or oil to the tenant at the
Regulation 2019.
residential premises that are not separately
metered, and 11.3 all charges for the supply of bottled gas to the
tenant at the residential premises except for
Note 1: Clause 10.3 does not apply to premises
the costs and charges for the supply or hire of
located in an embedded network in certain
gas bottles at the start of the tenancy, and
circumstances in accordance with clauses 34 and
35 of the Residential Tenancies Regulation 2019."
nsw_tenancy_agreement.pdf,nsw_tenancy_agreement.pdf__00020,"11.4 all charges for pumping out a septic system
used for the residential premises, and
Note 2: Clause 10.3 does not apply to social housing
tenancy agreements in certain circumstances, 11.5 any excess garbage charges relating to the
in accordance with clause 36 of the Residential tenant’s use of the residential premises, and
Tenancies Regulation 2019. 11.6 water usage charges, if the landlord has
10.4 t he costs and charges for the supply or hire installed water efficiency measures referred
of gas bottles for the supply of bottled gas at to in clause 10 of the Residential Tenancies
the commencement of the tenancy, and Regulation 2019 and the residential premises:
10.5 all charges (other than water usage charges) 11.6.1 are separately metered, or
in connection with a water supply service to 11.6.2 are not connected to a water supply
separately metered residential premises, and service and water is delivered by
10.6 all charges in connection with a water supply vehicle. service to residential premises that are not Note: Separately metered is defined in section 3 of
separately metered, and the Residential Tenancies Act 2010. 10.7 a ll charges for the supply of sewerage 12."
nsw_tenancy_agreement.pdf,nsw_tenancy_agreement.pdf__00021,"The landlord agrees that the tenant is not required
services (other than for pump out septic to pay water usage charges unless:
services) or the supply or use of drainage 12.1 the landlord gives the tenant a copy of the
services to the residential premises, and part of the water supply authority’s bill
10.8 all service availability charges, however setting out the charges, or other evidence of
described, for the supply of non-bottled gas the cost of water used by the tenant, and
to the residential premises if the premises 12.2 the landlord gives the tenant at least 21 days
are separately metered but do not have any to pay the charges, and
appliances, supplied by the landlord, for
12.3 the landlord requests payment of the
which gas is required and the tenant does
charges by the tenant not later than 3
not use gas supplied to the premises, and
months after the issue of the bill for the
charges by the water supply authority, and
Residential tenancy agreement | 19 May 2025 Page 7 of 18
525091_0066TF
12.4 the residential premises have the following USE OF THE PREMISES BY TENANT
water efficiency measures:
16. The tenant agrees:
12.4.1 a ll internal cold water taps and
16.1 not to use the residential premises, or cause
single mixer taps for kitchen sinks or
or permit the premises to be used, for any
bathroom hand basins on the premises
illegal purpose, and
have a maximum flow rate of 9 litres a
minute, 16.2 n ot to cause or permit a nuisance, and
12.4.2 all toilets are dual flush toilets that 16.3 not to interfere, or cause or permit
have a minimum 3 star rating in interference, with the reasonable peace,
accordance with the WELS scheme, comfort or privacy of neighbours, and
12.4.3 all showerheads have a maximum flow 16.4 not to intentionally or negligently cause
rate of 9 litres a minute, or permit any damage to the residential
premises, and
12.4.4 at the commencement of the
residential tenancy agreement and 16.5 not to cause or permit more people to reside
whenever any other water efficiency in the residential premises than is permitted
measures are installed, repaired or by this agreement. upgraded, the premises are checked 17. The tenant agrees:
and any leaking taps or toilets on the
17.1 to keep the residential premises reasonably
premises have been fixed."
nsw_tenancy_agreement.pdf,nsw_tenancy_agreement.pdf__00022,"clean, and
13. The landlord agrees to give the tenant the benefit
17.2 t o notify the landlord as soon as practicable of
of, or an amount equivalent to, any rebate received
any damage to the residential premises, and
by the landlord for water usage charges payable or
17.3 that the tenant is responsible to the landlord
paid by the tenant. for any act or omission by a person who is
lawfully on the residential premises if the
POSSESSION OF THE PREMISES person is only permitted on the premises with
the tenant’s consent and the act or omission
14. The landlord agrees:
would be in breach of this agreement if done
14.1 to make sure the residential premises are
or omitted by the tenant, and
vacant so the tenant can move in on the date
17.4 t hat it is the tenant’s responsibility to replace
agreed, and
light globes on the residential premises."
nsw_tenancy_agreement.pdf,nsw_tenancy_agreement.pdf__00023,"14.2 to take all reasonable steps to ensure that,
18. The tenant agrees, when this agreement ends and
at the time of signing this agreement, there
before giving vacant possession of the premises to
is no legal reason why the premises cannot
the landlord:
be used as a residence for the term of this
agreement. 18.1 to remove all the tenant’s goods from the
residential premises, and
18.2 to leave the residential premises as nearly as
TENANT’S RIGHT TO QUIET ENJOYMENT
possible in the same condition, fair wear and
15. The landlord agrees: tear excepted, as at the commencement of
15.1 that the tenant will have quiet enjoyment of the tenancy, and
the residential premises without interruption 18.3 to leave the residential premises reasonably
by the landlord or any person claiming by, clean, having regard to its condition at the
through or under the landlord or having commencement of the tenancy, and
superior title to that of the landlord (such as 18.4 to remove or arrange for the removal of all
a head landlord), and rubbish from the residential premises in a
15.2 that the landlord or the landlord’s agent will way that is lawful and in accordance with
not interfere with, or cause or permit any council requirements, and
interference with, the reasonable peace, 18.5 to make sure that all light fittings on the
comfort or privacy of the tenant in using the premises have working globes, and
residential premises, and
18.6 to return to the landlord all keys, and other
15.3 that the landlord or the landlord’s agent opening devices or similar devices, provided
will take all reasonable steps to ensure that by the landlord."
nsw_tenancy_agreement.pdf,nsw_tenancy_agreement.pdf__00024,"the landlord’s other neighbouring tenants
Note: Under section 54 of the Residential Tenancies
do not interfere with the reasonable peace,
Act 2010, the vicarious liability of a tenant for
comfort or privacy of the tenant in using the
damage to residential premises caused by another
residential premises. person is not imposed on a tenant who is the victim
of a domestic violence offence, or a co-tenant who
Residential tenancy agreement | 19 May 2025 Page 8 of 18
525091_0066TF
is not a relevant domestic violence offender, if 19.4 n ot to interfere with the supply of gas,
the damage occurred during the commission of a electricity, water, telecommunications or
domestic violence offence (within the meaning of other services to the residential premises
that Act). (unless the interference is necessary to avoid
danger to any person or enable maintenance
or repairs to be carried out), and
LANDLORD’S GENERAL OBLIGATIONS FOR
19.5 not to hinder a tradesperson’s entry to the
RESIDENTIAL PREMISES
residential premises when the tradesperson
19. The landlord agrees: is carrying out maintenance or repairs
19.1 to make sure that the residential premises are necessary to avoid health or safety risks to
reasonably clean and fit to live in, and any person, or to avoid a risk that the supply
of gas, electricity, water, telecommunications
Note 1: Section 52 of the Residential Tenancies Act
or other services to the residential premises
2010 specifies the minimum requirements that must
may be disconnected, and
be met for the residential premises to be fit to live in."
nsw_tenancy_agreement.pdf,nsw_tenancy_agreement.pdf__00025,"These include that the residential premises: 19.6 to comply with all statutory obligations
relating to the health or safety of the
a) are structurally sound, and
residential premises, and
b) have adequate natural light or artificial lighting in
19.7 t hat a tenant who is the victim of a domestic
each room of the premises other than a room that
violence offence or a co-tenant who is
is intended to be used only for the purposes of
under the same agreement as the victim
storage or a garage, and
of the domestic violence offence but is
c) have adequate ventilation, and
not a relevant domestic violence offender
d) are supplied with electricity or gas and have an is not responsible to the landlord for any
adequate number of electricity outlet sockets or act or omission by a co-tenant that is a
gas outlet sockets for the supply of lighting and breach of this agreement if the act or
heating to, and use of appliances in, the premises, omission constitutes or resulted in damage
and to the premises and occurred during the
e) have adequate plumbing and drainage, and commission of a domestic violence offence. f) are connected to a water supply service or
infrastructure that supplies water (including, but URGENT REPAIRS
not limited to, a water bore or water tank) that is
20. The landlord agrees to pay the tenant, within 14
able to supply to the premises hot and cold water
days after receiving written notice from the tenant,
for drinking and ablution and cleaning activities,
any reasonable costs (not exceeding $1,000) that
and
the tenant has incurred for making urgent repairs
g) contain bathroom facilities, including toilet and
to the residential premises (of the type set out
washing facilities, that allow privacy for the user. below) so long as:
Note 2: Premises are structurally sound only if
20.1 the damage was not caused as a result of a
the floors, ceilings, walls, supporting structures
breach of this agreement by the tenant, and
(including foundations), doors, windows, roof, stairs,
20.2 the tenant gives or makes a reasonable
balconies, balustrades and railings:
attempt to give the landlord notice of the
a) are in a reasonable state of repair, and
damage, and
b) with respect to the floors, ceilings, walls and
20.3 the tenant gives the landlord a reasonable
supporting structures – are not subject to
opportunity to make the repairs, and
significant dampness, and
20.4 the tenant makes a reasonable attempt to
c) with respect to the roof, ceilings and windows – do
have any appropriate tradesperson named in
not allow water penetration into the premises, and
this agreement make the repairs, and
d) are not liable to collapse because they are rotted
20.5 the repairs are carried out, where appropriate,
or otherwise defective."
nsw_tenancy_agreement.pdf,nsw_tenancy_agreement.pdf__00026,"by licensed or properly qualified persons, and
19.2 to make sure that all light fittings on the
20.6 the tenant, as soon as possible, gives or tries
residential premises have working light globes
to give the landlord written details of the
on the commencement of the tenancy, and
repairs, including the cost and the receipts
19.3 to keep the residential premises in a for anything the tenant pays for. reasonable state of repair, considering the
Note: The type of repairs that are urgent repairs are
age of, the rent paid for and the prospective
defined in the Residential Tenancies Act 2010 and
life of the premises, and
are defined as follows:
Residential tenancy agreement | 19 May 2025 Page 9 of 18
525091_0066TF
(a) a burst water service, 24.2 if the Civil and Administrative Tribunal so
(b) an appliance, fitting or fixture that uses water orders,
or is used to supply water that is broken or 24.3 if there is good reason for the landlord to
not functioning properly, so that a substantial believe the premises are abandoned,
amount of water is wasted, 24.4 if there is good reason for serious concern
(c) a blocked or broken lavatory system, about the health of the tenant or any other
(d) a serious roof leak, person on the residential premises and a
reasonable attempt has been made to obtain
(e) a gas leak,
consent to the entry,
(f) a dangerous electrical fault,
24.5 to inspect the premises, if the tenant is
(g) flooding or serious flood damage,
given at least 7 days written notice (no more
(h) serious storm or fire damage, than 4 inspections are allowed in any period
(i) a failure or breakdown of the gas, electricity or of 12 months),
water supply to the premises, 24.6 to carry out, or assess the need for,
(j) a failure or breakdown of any essential service necessary repairs, if the tenant is given at
on the residential premises for hot water, least 2 days notice each time,
cooking, heating, cooling or laundering, 24.7 to carry out, or assess the need for, work
(k) any fault or damage that causes the premises relating to statutory health and safety
to be unsafe or insecure. obligations relating to the residential
premises, if the tenant is given at least 2
days notice each time,
SALE OF THE PREMISES
24.8 to show the premises to prospective tenants
21. The landlord agrees: on a reasonable number of occasions if the
21.1 to give the tenant written notice that the tenant is given reasonable notice on each
landlord intends to sell the residential occasion (this is only allowed during the last
premises, at least 14 days before the 14 days of the agreement),
premises are made available for inspection 24.9 to value the property, if the tenant is given 7
by potential purchasers, and days notice (not more than one valuation is
21.2 to make all reasonable efforts to agree with allowed in any period of 12 months),
the tenant as to the days and times when the 24.10 to take photographs, or make visual
residential premises are to be available for recordings, of the inside of the premises
inspection by potential purchasers."
nsw_tenancy_agreement.pdf,nsw_tenancy_agreement.pdf__00027,"in order to advertise the premises for sale
22. T he tenant agrees not to unreasonably refuse or lease, if the tenant is given reasonable
to agree to days and times when the residential notice and reasonable opportunity to move
premises are to be available for inspection by any of their possessions that can reasonably
potential purchasers. be moved out of the frame of the photograph
or the scope of the recording (this is only
23. The landlord and tenant agree:
allowed once in a 28 day period before
23.1 that the tenant is not required to agree to
marketing of the premises starts for sale or
the residential premises being available for
lease or the termination of this agreement),
inspection more than twice in a period of a
24.11 if the tenant agrees
week, and
25."
nsw_tenancy_agreement.pdf,nsw_tenancy_agreement.pdf__00028,"The landlord agrees that a person who enters the
23.2 that, if they fail to agree, the landlord may
residential premises under clause 24.5, 24.6, 24.7,
show the residential premises to potential
24.8, 24.9 or 24.10 of this agreement:
purchasers not more than twice in any
period of a week and must give the tenant at 25.1 m ust not enter the premises on a Sunday or a
least 48 hours notice each time. public holiday, unless the tenant agrees, and
25.2 may enter the premises only between the
hours of 8.00 a.m. and 8.00 p.m., unless the
LANDLORD’S ACCESS TO THE PREMISES
tenant agrees to another time, and
24. The landlord agrees that the landlord, the
25.3 must not stay on the residential premises
landlord’s agent or any person authorised in
longer than is necessary to achieve the
writing by the landlord, during the currency of
purpose of the entry to the premises, and
this agreement, may only enter the residential
25.4 must, if practicable, notify the tenant of the
premises in the following circumstances:
proposed day and time of entry. 24.1 in an emergency (including entry for the
26."
nsw_tenancy_agreement.pdf,nsw_tenancy_agreement.pdf__00029,"The landlord agrees that, except in an emergency
purpose of carrying out urgent repairs),
(including to carry out urgent repairs), a person
Residential tenancy agreement | 19 May 2025 Page 10 of 18
525091_0066TF
other than the landlord or the landlord’s agent 30.6 to repair any damage caused by removing
must produce to the tenant the landlord’s or the the fixture or compensate the landlord for
landlord’s agent’s written permission to enter the the reasonable cost of repair. residential premises. 31. The landlord agrees not to unreasonably withhold
27."
nsw_tenancy_agreement.pdf,nsw_tenancy_agreement.pdf__00030,"The tenant agrees to give access to the residential consent to a fixture, or to an alteration, addition or
premises to the landlord, the landlord’s agent or renovation that is of a minor nature. any person, if they are exercising a right to enter Note: The Residential Tenancies Regulation 2019
the residential premises in accordance with this provides a list of the kinds of fixtures or alterations,
agreement. additions or renovations of a minor nature to which
it would be unreasonable for a landlord to withhold
PUBLISHING PHOTOGRAPHS OR VISUAL consent and which of those fixtures, or alterations,
additions or renovations the landlord may give
RECORDINGS
consent to on the condition that the fixture or
28. T he landlord agrees that the landlord or the alteration, addition or renovation is carried out by an
landlord’s agent must not publish any photographs appropriately qualified person."
nsw_tenancy_agreement.pdf,nsw_tenancy_agreement.pdf__00031,"taken or visual recordings made of the inside of
the residential premises in which the tenant’s
LOCKS AND SECURITY DEVICES
possessions are visible unless they first obtain
written consent from the tenant. 32. The landlord agrees:
Note: See section 55A of the Residential Tenancies 32.1 to provide and maintain locks or other security
Act 2010 for when a photograph or visual recording devices necessary to keep the residential
is ‘published’. premises reasonably secure, and
29."
nsw_tenancy_agreement.pdf,nsw_tenancy_agreement.pdf__00032,"The tenant agrees not to unreasonably withhold 32.2 to give each tenant under this agreement
consent. If the tenant is in circumstances of a copy of the key or opening device or
domestic violence within the meaning of section information to open any lock or security
105B of the Residential Tenancies Act 2010, it is not device for the residential premises or
unreasonable for the tenant to withhold consent. common property to which the tenant is
entitled to have access, and
FIXTURES, ALTERATIONS, ADDITIONS OR 32.3 not to charge the tenant for the cost of
RENOVATIONS TO THE PREMISES providing the copies except to recover the
cost of replacement or additional copies, and
30. The tenant agrees:
32.4 not to alter, remove or add any lock or other
30.1 not to install any fixture or renovate, alter or security device without reasonable excuse
add to the residential premises without the (which includes an emergency, an order of the
landlord’s written permission, and Civil and Administrative Tribunal, termination of
30.2 that certain kinds of fixtures or alterations, a co-tenancy or an apprehended violence order
additions or renovations that are of a minor prohibiting a tenant or occupant from having
nature specified by clause 22(2) of the access) or unless the tenant agrees, and
Residential Tenancies Regulation 2019 may 32.5 to give each tenant under this agreement
only be carried out by a person appropriately a copy of any key or other opening device
qualified to install those fixtures or carry out or information to open any lock or security
those alterations, additions or renovations device that the landlord changes as soon as
unless the landlord gives consent, and practicable (and no later than 7 days) after
30.3 to pay the cost of a fixture, installed by or the change."
nsw_tenancy_agreement.pdf,nsw_tenancy_agreement.pdf__00033,"on behalf of the tenant, or any renovation, 33. The tenant agrees:
alteration or addition to the residential
33.1 not to alter, remove or add any lock or other
premises, unless the landlord otherwise
security device without reasonable excuse
agrees, and
(which includes an emergency, an order of the
30.4 not to remove, without the landlord’s Civil and Administrative Tribunal, termination
permission, any fixture attached by the of a co-tenancy or an apprehended violence
tenant that was paid for by the landlord or order prohibiting a tenant or occupant from
for which the landlord gave the tenant a having access) or unless the landlord agrees,
benefit equivalent to the cost of the fixture, and
and
33.2 to give the landlord a copy of the key or
30.5 to notify the landlord of any damage caused opening device or information to open any
by removing any fixture attached by the lock or security device that the tenant
tenant, and changes within 7 days of the change. Residential tenancy agreement | 19 May 2025 Page 11 of 18
525091_0066TF
34. A copy of a changed key or other opening device 37.4 if the landlord or landlord’s agent is a
need not be given to the other party if the other corporation and the name or business
party agrees not to be given a copy or the Civil and address of the corporation changes, to give
Administrative Tribunal authorises a copy not to be the tenant notice in writing of the change
given or the other party is prohibited from access within 14 days, and
to the residential premises by an apprehended 37.5 i f the State, Territory or country in which the
violence order."
nsw_tenancy_agreement.pdf,nsw_tenancy_agreement.pdf__00034,"landlord ordinarily resides changes, to give
the tenant notice in writing of the change
TRANSFER OF TENANCY OR SUB-LETTING within 14 days. BY TENANT
COPY OF CERTAIN BY-LAWS TO BE
35. The landlord and the tenant agree that:
PROVIDED
35.1 the tenant may, with the landlord’s written
permission, transfer the tenant’s tenancy (Cross out clauses if not applicable)
under this agreement or sub-let the 38. The landlord agrees to give to the tenant, before
residential premises, and the tenant enters into this agreement, a copy of
35.2 the landlord may refuse permission (whether the by-laws applying to the residential premises
or not it is reasonable to do so) to the transfer if they are premises under the Strata Schemes
of the whole of the tenancy or sub-letting the Management Act 2015.
whole of the residential premises, and 39."
nsw_tenancy_agreement.pdf,nsw_tenancy_agreement.pdf__00035,"The landlord agrees to give to the tenant, within
35.3 the landlord must not unreasonably refuse 7 days of entering into this agreement, a copy of
permission to a transfer of part of a tenancy the by-laws applying to the residential premises
or a sub-letting of part of the residential if they are premises under the Strata Schemes
premises, and Development Act 2015, the Community Land
35.4 without limiting clause 35.3, the landlord Development Act 1989 or the Community Land
may refuse permission to a transfer of part Management Act 1989.
of the tenancy or to sub-letting part of
the residential premises if the number of MITIGATION OF LOSS
occupants would be more than is permitted
under this agreement or any proposed 40. The rules of law relating to mitigation of loss or
tenant or sub-tenant is listed on a residential damage on breach of a contract apply to a breach
tenancy database or it would result in of this agreement. (For example, if the tenant
overcrowding of the residential premises. breaches this agreement, the landlord will not be
able to claim damages for loss which could have
Note: Clauses 35.3 and 35.4 do not apply to social
been avoided by reasonable effort by the landlord.)"
nsw_tenancy_agreement.pdf,nsw_tenancy_agreement.pdf__00036,"tenancy housing agreements. 36. The landlord agrees not to charge for giving
RENTAL BOND
permission other than for the landlord’s
reasonable expenses in giving permission. (Cross out clauses if no rental bond is payable)
41."
nsw_tenancy_agreement.pdf,nsw_tenancy_agreement.pdf__00037,"The landlord agrees that, where the landlord or
CHANGE IN DETAILS OF LANDLORD OR the landlord’s agent applies to the Rental Bond
LANDLORD’S AGENT Board or the Civil and Administrative Tribunal for
payment of the whole or part of the rental bond to
37. The landlord agrees:
the landlord, the landlord or the landlord’s agent
37.1 i f the name and telephone number or contact will provide the tenant with:
details of the landlord change, to give the
41.1 details of the amount claimed, and
tenant notice in writing of the change within
41.2 copies of any quotations, accounts and
14 days, and
receipts that are relevant to the claim, and
37.2 if the address of the landlord changes (and
41.3 a copy of a completed condition report about
the landlord does not have an agent), to give
the residential premises at the end of the
the tenant notice in writing of the change
residential tenancy agreement. within 14 days, and
37.3 i f the name, telephone number or business
address of the landlord’s agent changes or SMOKE ALARMS
the landlord appoints an agent, to give the
42. The landlord agrees to:
tenant notice in writing of the change or the
42.1 ensure that smoke alarms are installed in
agent’s name, telephone number and business
accordance with the Environmental Planning
address, as appropriate, within 14 days, and
and Assessment Act 1979 if that Act requires
Residential tenancy agreement | 19 May 2025 Page 12 of 18
525091_0066TF
them to be installed in the premises and 43.3 to give the landlord written notice, as soon
are functioning in accordance with the as practicable if the tenant will carry out
regulations under that Act, and and has carried out a repair or replacement,
42.2 conduct an annual check of all smoke or engages a person to carry out a repair or
alarms installed on the residential premises replacement, in accordance with clauses 15-17
to ensure that the smoke alarms are of the Residential Tenancies Regulation 2019.
functioning, and Note: Clauses 43.2 and 43.3 do not apply to tenants
42.3 install or replace, or engage a person to under social housing tenancy agreements or tenants
install or replace, all removable batteries in of premises that comprise or include a lot in a strata
all smoke alarms installed on the residential scheme (within the meaning of the Strata Schemes
premises annually, except for smoke alarms Management Act 2015) if the owners corporation is
that have a removable lithium battery, and responsible for the repair and replacement of smoke
alarms in the residential premises."
nsw_tenancy_agreement.pdf,nsw_tenancy_agreement.pdf__00038,"42.4 install or replace, or engage a person to
install or replace, a removable lithium battery 44. The landlord and tenant each agree not to remove
in a smoke alarm in the period specified by or interfere with the operation of a smoke alarm
the manufacturer of the smoke alarm, and installed on the residential premises unless they
have a reasonable excuse to do so. 42.5 engage an authorised electrician to repair or
replace a hardwired smoke alarm, and Note: The regulations made under the Environmental
Planning and Assessment Act 1979 provide that it is
42.6 repair or replace, a smoke alarm within 2
an offence to remove or interfere with the operation
business days of becoming aware that the
of a smoke alarm or a heat alarm in particular
smoke alarm is not working, unless the tenant
circumstances. notifies the landlord that the tenant will carry
out the repair to the smoke alarm and the
tenant carries out the repair, and SWIMMING POOLS
42.7 reimburse the tenant for the costs of a
(Cross out this clause if there is no swimming pool)
repair or replacement of a smoke alarm in
45."
nsw_tenancy_agreement.pdf,nsw_tenancy_agreement.pdf__00039,"The landlord agrees to ensure that the
accordance with clause 18 of the Residential
requirements of the Swimming Pools Act 1992 have
Tenancies Regulation 2019, that the tenant is
been complied with in respect of the swimming
allowed to carry out. pool on the residential premises. Note 1: Under section 64A of the Residential
( Cross out the following clause if there is no
Tenancies Act 2010, repairs to a smoke alarm (which
swimming pool or the swimming pool is situated
includes a heat alarm) includes maintenance of
on land in a strata scheme (within the meaning of
a smoke alarm in working order by installing or
the Strata Schemes Management Act 2015) or in
replacing a battery in the smoke alarm. a community scheme (within the meaning of the
Note 2: Clauses 42.2-42.7 do not apply to a landlord
Community Land Development Act 1989) and that
of premises that comprise or include a lot in a strata
strata or community scheme comprises more than
scheme (within the meaning of the Strata Schemes
2 lots)
Management Act 2015) if the owners corporation is
46."
nsw_tenancy_agreement.pdf,nsw_tenancy_agreement.pdf__00040,"The landlord agrees to ensure that at the time that
responsible for the repair and replacement of smoke
this residential tenancy agreement is entered into:
alarms in the residential premises. 46.1 the swimming pool on the residential
Note 3: A tenant who intends to carry out a repair to
premises is registered under the Swimming
a smoke alarm may do so only in the circumstances
Pools Act 1992 and has a valid certificate
prescribed for a tenant in clause 15 of the
of compliance under that Act or a relevant
Residential Tenancies Regulation 2019.
occupation certificate within the meaning of
Note 4: Section 64A of the Act provides that a
that Act, and
smoke alarm includes a heat alarm. 46.2 a copy of that valid certificate of compliance
43. The tenant agrees:
or relevant occupation certificate is provided
43.1 to notify the landlord if a repair or a to the tenant."
nsw_tenancy_agreement.pdf,nsw_tenancy_agreement.pdf__00041,"replacement of a smoke alarm is required,
Note: A swimming pool certificate of compliance is
including replacing a battery in the smoke
valid for 3 years from its date of issue. alarm, and
43.2 that the tenant may only replace a battery in
a battery-operated smoke alarm, or a back-
up battery in a hardwired smoke alarm, if the
smoke alarm has a removable battery or a
removable back-up battery, and
Residential tenancy agreement | 19 May 2025 Page 13 of 18
525091_0066TF
LOOSE-FILL ASBESTOS INSULATION regulations or this agreement, on the other
party by email if the other party has provided
47. The landlord agrees:
express consent, either as part of this
47.1 if, at the time that this residential tenancy agreement or otherwise, that a specified
agreement is entered into, the premises have email address is to be used for the purpose of
been and remain listed on the LFAI Register, serving notices and other documents, and
the tenant has been advised in writing by the
50.2 to notify the other party in writing within
landlord that the premises are listed on that
7 days if the email address specified for
Register, or
electronic service of notices and other
47.2 if, during the tenancy, the premises become documents changes, and
listed on the LFAI Register, to advise the
50.3 that they may withdraw their consent to
tenant in writing, within 14 days of the
the electronic service of notices and other
premises being listed on the Register, that
documents at any time, by notifying the other
the premises are listed on the Register. party in writing, and
50.4 if a notice is given withdrawing consent
COMBUSTIBLE CLADDING to electronic service of notices and other
documents, following the giving of such
48."
nsw_tenancy_agreement.pdf,nsw_tenancy_agreement.pdf__00042,"The landlord agrees that if, during the tenancy, the
notice, no further notices or other documents
landlord becomes aware of any of the following
are to be served by email. facts, the landlord will advise the tenant in writing
within 14 days of becoming aware of the fact:
48.1 that the residential premises are part of BREAK FEE FOR FIXED TERM OF NOT MORE
a building in relation to which a notice of THAN 3 YEARS
intention to issue a fire safety order, or a
51. The tenant agrees that, if the tenant ends the
fire safety order, has been issued requiring
residential tenancy agreement before the end of
rectification of the building regarding
the fixed term of the agreement, the tenant must
external combustible cladding,
pay a break fee of the following amount if the
48.2 that the residential premises are part of
fixed term is not more than 3 years:
a building in relation to which a notice
51.1 4 weeks rent if less than 25% of the fixed
of intention to issue a building product
term has expired,
rectification order, or a building product
rectification order, has been issued requiring 51.2 3 weeks rent if 25% or more but less than
rectification of the building regarding 50% of the fixed term has expired,
external combustible cladding, 51.3 2 weeks rent if 50% or more but less than
48.3 that the residential premises are part of a 75% of the fixed term has expired,
building where a development application 51.4 1 week’s rent if 75% or more of the fixed term
or complying development certificate has expired. application has been lodged for rectification T his clause does not apply if the tenant terminates
of the building regarding external a fixed term residential tenancy agreement for a
combustible cladding."
nsw_tenancy_agreement.pdf,nsw_tenancy_agreement.pdf__00043,"fixed term of more than 3 years or if the tenant
terminates a residential tenancy agreement early
SIGNIFICANT HEALTH OR SAFETY RISKS for a reason that is permitted under the Residential
Tenancies Act 2010. 49. The landlord agrees that if, during the tenancy,
Note: Permitted reasons for early termination
the landlord becomes aware that the premises are
include destruction of residential premises, breach
subject to a significant health or safety risk, the
of the agreement by the landlord and an offer of
landlord will advise the tenant in writing, within
social housing or a place in an aged care facility, and
14 days of becoming aware, that the premises are
being in circumstances of domestic violence. Section
subject to the significant health or safety risk and
107 of the Residential Tenancies Act 2010 regulates
the nature of the risk."
nsw_tenancy_agreement.pdf,nsw_tenancy_agreement.pdf__00044,"the rights of the landlord and tenant under this
clause. ELECTRONIC SERVICE OF NOTICES AND
52. The landlord agrees that the compensation
OTHER DOCUMENTS payable by the tenant for ending the residential
tenancy agreement before the end of the fixed
50. The landlord and the tenant agree:
term of not more than 3 years is limited to the
50.1 to only serve any notices and any other amount specified in clause 51 and any occupation
documents, authorised or required by
fee payable under the Residential Tenancies Act
the Residential Tenancies Act 2010 or the
2010 for goods left on the residential premises."
nsw_tenancy_agreement.pdf,nsw_tenancy_agreement.pdf__00045,"Residential tenancy agreement | 19 May 2025 Page 14 of 18
525091_0066TF
Note: Section 107 of the Residential Tenancies Act ADDITIONAL TERMS
2010 also regulates the rights of landlords and
(Additional terms may be included in this agreement if –
tenants for a residential tenancy agreement with a
fixed term of more than 3 years. (a) both the landlord and the tenant agree to the
terms, and
(b) the terms do not conflict with the Residential
LANDLORD’S CONSENT FOR PETS
Tenancies Act 2010, the Residential Tenancies
53. The landlord and the tenant agree – Regulation 2019 or any other Act, and
53.1 the tenant may keep an animal at the (c) the terms do not conflict with the standard
residential premises with the landlord’s terms of this agreement. consent, and
ANY ADDITIONAL TERMS ARE NOT REQUIRED BY
Note: The tenant does not need the landlord’s
LAW AND ARE NEGOTIABLE)."
nsw_tenancy_agreement.pdf,nsw_tenancy_agreement.pdf__00046,"consent to keep an assistance animal at the
residential premises. Insert any other agreed additional terms here. Attach a
53.2 an application for consent to keep an animal separate page if necessary. at the premises must be made jointly by all
co-tenants using the Fair Trading approved
form and the landlord must respond in
writing to the application using that form, and
53.3 the landlord may give consent to keep an
animal at the premises subject to reasonable
conditions, which are taken to be terms of
this agreement."
nsw_tenancy_agreement.pdf,nsw_tenancy_agreement.pdf__00047,"54. The landlord agrees:
54.1 to respond to an application from the
tenant for consent to keep an animal at
the residential premises within 21 days,
specifying either that consent is given and
any reasonable conditions of the consent or
that consent is refused and the grounds for
refusing, and
54.2 if the landlord does not give a response under
ADDITIONAL TERMS – PETS
clause 54.1 to an application for consent to
keep an animal, the landlord consents to the (Cross out these clauses if not applicable. Clauses
tenant keeping the animal at the premises 57-59 must only be included in this agreement if the
without conditions, and clauses are reasonable conditions for keeping the
54.3 to not refuse to consent to an animal being animal at the residential premises.) kept at the premises except on a ground set
56."
nsw_tenancy_agreement.pdf,nsw_tenancy_agreement.pdf__00048,"The landlord agrees the tenant may keep the
out in the Residential Tenancies Act 2010,
following animal at the residential premises:
section 73F, and
54.4 t o not impose an unreasonable condition on a Insert description of animal
consent to keep an animal at the premises, and
Note: The Residential Tenancies Act 2010, section
73E sets out what are reasonable and unreasonable
conditions of a consent to keep an animal at the
residential premises. 54.5 if the landlord consents to the tenant keeping
57. (If the animal will be kept inside at the premises,
an animal at the premises, the consent
and this clause is reasonable for the type of animal
continues while the tenant resides at the
and the premises). The tenant agrees to have the
premises for the lifetime of the animal."
nsw_tenancy_agreement.pdf,nsw_tenancy_agreement.pdf__00049,"carpet professionally cleaned, or to pay the cost
of having the carpet professionally cleaned, at the
TERMINATION end of the tenancy if cleaning is required because
the animal has been kept inside at the premises
55. The landlord and the tenant agree to only end
during the tenancy. this agreement in accordance with the Residential
Tenancies Act 2010 and the Residential Tenancies 58. ( If the animal is a mammal and will be kept inside
Regulation 2019. at the premises)."
nsw_tenancy_agreement.pdf,nsw_tenancy_agreement.pdf__00050,"The tenant agrees to have
Residential tenancy agreement | 19 May 2025 Page 15 of 18
525091_0066TF
the premises professional fumigated, or to pay 3. Ending this agreement
the cost of having the premises professional
This agreement may be ended by the landlord or the
fumigated, at the end of the tenancy if required
tenant giving written notice of termination. The tenant
because the animal has been kept inside at the
may give notice at any time or on certain grounds. The
premises during the tenancy."
nsw_tenancy_agreement.pdf,nsw_tenancy_agreement.pdf__00051,"landlord may only give notice on certain grounds. The
59. (If the animal is a type of animal that is not normally Residential Tenancies Act 2010 sets out the grounds
kept inside). The tenant agrees to take reasonable on which the landlord and the tenant may end this
steps to prevent the animal being inside the agreement."
nsw_tenancy_agreement.pdf,nsw_tenancy_agreement.pdf__00052,"The grounds for the landlord ending this
premises. agreement include breach of this agreement by the
tenant, sale of the residential premises requiring
vacant possession, proposed sale of the residential
Notes
premises, significant renovations or repairs to the
residential premises, demolition of the residential
1. Definitions premises, the residential premises ceasing to be used
as rented residential premises or the landlord or the
In this agreement:
landlord’s family moving into the residential premises. • landlord means the person who grants the right to The grounds for the tenant ending this agreement
occupy residential premises under this agreement, include breach by the landlord of information
and includes a successor in title to the residential disclosure provisions under the Act, section 26, breach
premises whose interest is subject to that of the of this agreement by the landlord or the tenant being
tenant and a tenant who has granted the right to in circumstances of domestic violence."
nsw_tenancy_agreement.pdf,nsw_tenancy_agreement.pdf__00053,"Further grounds
occupy residential premises to a sub-tenant. are set out in the Act, Parts 5 and 7. • landlord’s agent means a person who acts as the
agent of the landlord and who (whether or not the 4. Notice for ending fixed term agreement
person carries on any other business) carries on
If this agreement is a fixed term agreement, the tenant
business as an agent for: (a) the letting of residential
must give at least 14 days notice to end the agreement."
nsw_tenancy_agreement.pdf,nsw_tenancy_agreement.pdf__00054,"premises, or (b) the collection of rents payable for any
Generally, the landlord must give at least 90 days
tenancy of residential premises. notice, or at least 60 days notice if the agreement is for
• LFAI Register means the register of residential
a fixed term of 6 months or less. However, the notice
premises that contain or have contained loosefill
period is different for certain grounds for termination. asbestos insulation that is required to be maintained
under Division 1A of Part 8 of the Home Building Act
1989."
nsw_tenancy_agreement.pdf,nsw_tenancy_agreement.pdf__00055,"5. Notice for ending periodic agreement
• rental bond means money paid by the tenant as If this agreement is a periodic agreement, the tenant
security to carry out this agreement. must give at least 21 days notice to end the agreement. • residential premises means any premises or part Generally, the landlord must give at least 90 days
of premises (including any land occupied with the notice."
nsw_tenancy_agreement.pdf,nsw_tenancy_agreement.pdf__00056,"However, the notice period is different for
premises) used or intended to be used as a place of certain grounds for termination. residence
• tenancy means the right to occupy residential 6. Warning
premises under this agreement. It is an offence for a person to obtain possession of
• tenant means the person who has the right to occupy
the residential premises without an order of the Civil
residential premises under this agreement, and
and Administrative Tribunal or a judgment or order of a
includes the person to whom such a right passes by
court if the tenant does not willingly move out."
nsw_tenancy_agreement.pdf,nsw_tenancy_agreement.pdf__00057,"A court
transfer or operation of the law and a sub-tenant of
can order fines and compensation be paid for such an
the tenant. offence. It is an offence for the landlord, or landlord’s
agent, to give a termination notice on a ground that is
2. Continuation of tenancy (if fixed term
not genuine, to provide false or misleading supporting
agreement)
documents or information with a termination notice
or, if an exclusion period applies, to enter into a new
Once any fixed term of this agreement ends, the
residential tenancy agreement for the residential
agreement continues in force on the same terms as a
premises during the exclusion period."
nsw_tenancy_agreement.pdf,nsw_tenancy_agreement.pdf__00058,"periodic agreement unless the agreement is terminated
by the landlord or the tenant in accordance with the
Residential Tenancies Act 2010 (see notes 3 and 4). Residential tenancy agreement | 19 May 2025 Page 16 of 18
525091_0066TF
The landlord and the tenant enter into this agreement and agree to
all its terms
Note: Section 9 of the Electronic Transactions Act 2000 allows for agreements to be signed electronically in NSW if
the parties consent. If an electronic signature is used then it must comply with Division 2 of Part 2 of the Electronic
Transactions Act 2000. SIGNED BY THE LANDLORD/AGENT
Name of landlord/agent:
Signature of landlord/agent:
on the day of 20
LANDLORD INFORMATION STATEMENT
The landlord acknowledges that, at or before the time of signing this residential tenancy agreement, the landlord
has read and understood the contents of the Landlord Information Statement published by NSW Fair Trading that
sets out the landlord’s rights and obligations."
nsw_tenancy_agreement.pdf,nsw_tenancy_agreement.pdf__00059,"Signature of landlord/agent:
on the day of 20
SIGNED BY THE TENANT (1)
Name of tenant:
Signature of tenant:
on the day of 20
SIGNED BY THE TENANT (2)
Name of tenant:
Signature of tenant:
on the day of 20
Residential tenancy agreement | 19 May 2025 Page 17 of 18
525091_0066TF
SIGNED BY THE TENANT (3)
Name of tenant:
Signature of tenant:
on the day of 20
SIGNED BY THE TENANT (4)
Name of tenant:
Signature of tenant:
on the day of 20
TENANT INFORMATION STATEMENT
The tenant acknowledges that, at or before the time of signing this residential tenancy agreement, the tenant was
given a copy of the Tenant Information Statement published by NSW Fair Trading. Signature of tenant:
on the day of 20
More information
For information about your rights and obligations as a landlord or tenant, contact:
(a)NSW Fair Trading on 13 32 20 or nsw.gov.au/fair-trading or
(b)Law Access NSW on 1300 888 529 or lawaccess.nsw.gov.au or
(c)your local Tenants Advice and Advocacy Service at tenants.org.au
Residential tenancy agreement | 19 May 2025 Page 18 of 18
NSW Fair Trading
Tenant Information Statement
What you must know before you start renting
Starting a tenancy
Landlords or agents must give tenants this Tenant Information Statement before signing a residential
tenancy agreement. You should read this information statement carefully before you sign a residential tenancy agreement. Ask
questions if there is anything in the agreement that you do not understand."
nsw_tenancy_agreement.pdf,nsw_tenancy_agreement.pdf__00060,"Remember, you are entering into a
legal contract with no cooling-off period. You want to be certain you understand and agree to what you are signing. The landlord or agent must:
• ensure the property is vacant, reasonably clean, fit to live in and in good repair at the start of the tenancy
• provide and maintain the property in a reasonable state of repair
• meet health and safety laws (e.g. pool fencing, electrical installations, smoke alarms, window and balcony safety)
• ensure the property is reasonably secure
• respect your privacy and follow entry and notice requirements."
nsw_tenancy_agreement.pdf,nsw_tenancy_agreement.pdf__00061,"When renting you must:
• pay the rent on time
• keep the property reasonably clean and undamaged and leave it in the same condition it was in when you
moved in (fair wear and tear excepted)
• not use the property for anything illegal
• follow the terms of the tenancy agreement
• respect your neighbours’ right to peace, comfort and privacy. What you must be told before you sign an agreement
Sometimes a rental property has something in its history that you should know before you sign an agreement. The landlord or agent must tell you if the property is:
• planned to be sold
• subject to court proceedings where the mortgagee is trying to take possession of the property
• in a strata scheme and a strata renewal committee is currently established for the strata scheme. The landlord or agent must tell you if they are aware that the property:
• has been subject to flooding from a natural weather event or bushfire in the last 5 years
• has significant health or safety risks (unless obvious to a reasonable person when the property is inspected)
• has been the scene of a serious violent crime (e.g."
nsw_tenancy_agreement.pdf,nsw_tenancy_agreement.pdf__00062,"murder or aggravated assault) in the last 5 years
• is listed on the loose(cid:505)fill asbestos insulation register
• has been used to manufacture or cultivate a prohibited drug or prohibited plant in the last 2 years
• is part of a building where a fire safety or building product rectification order (or a notice of intention to issue
one of these orders) has been issued regarding external combustible cladding
• is part of a building where a development or complying development certificate application for rectification has
been lodged regarding external combustible cladding
• is in a strata scheme where scheduled rectification work or major repairs will be carried out to common property
during the fixed term of the agreement
Tenant Information Statement – What you must know before you start renting (cid:592) (cid:94)ay 2025 Page 1 of 9
525031(cid:509)0066(cid:148)(cid:60)
Page 2 of 9
525031_0066TF
• is affected by zoning or laws that will not allow you to obtain a parking permit, and only paid parking is available
in the area
• is provided with any council waste services that are different to other properties in the council area
• has a driveway or walkway that others can legally use. Penalties apply to landlords or agents if any of the above are not disclosed. What you must be given before you sign an agreement
Before you sign an agreement or move into the property, the landlord or agent must give you:
• a copy of this Tenant Information Statement
• a copy of the proposed tenancy agreement, filled out in the spaces provided
• 2 hard copies, or 1 electronic copy, of the condition report for the property completed by the landlord or agent
• a copy of the by-laws, if the property is in a strata scheme. What you must be given at the time you sign an agreement
At the time you sign the agreement, the landlord or agent must give you:
• for any swimming or spa pools on the property, a valid certificate of compliance or occupation certificate (issued
within the last 3 years)."
nsw_tenancy_agreement.pdf,nsw_tenancy_agreement.pdf__00063,"This does not apply if you are renting a property in a strata or community scheme that
has more than 2 lots. Before or at the start of the tenancy
The landlord or agent must give you:
• the key (or other opening device or information) to open any lock or security device for the rented property or
common property, at no cost to you or any tenant named in the agreement. The only costs you can be asked to pay are:
• a holding fee (deposit) of no more than 1 weeks’ rent
• up to 2 weeks’ rent in advance
• up to 4 weeks’ rent for the rental bond
• for agreements of 3 years or more – a fee for registering with NSW Land Registry. The property must (cid:222)e fit to (cid:286)i(cid:374)e in
(cid:148)he property must be reasonably clean, fit to live in and in a reasonable state of repair."
nsw_tenancy_agreement.pdf,nsw_tenancy_agreement.pdf__00064,"(cid:148)o be fit to live in, the
property must (at a minimum):
1. be structurally sound
2. have adequate natural or artificial lighting in each room, except storage rooms or garages
3. have adequate ventilation
4. be supplied with electricity or gas, and have enough electricity or gas sockets for lighting, heating and other
appliances
5. have adequate plumbing and drainage
6. have a water connection that can supply hot and cold water for drinking, washing and cleaning
7. have bathroom facilities, including toilet and washing facilities, that allow users privacy. (cid:148)he property could have other issues that may make it unfit for you to live in, even if it meets the above 7 minimum
standards. Before you rent the property, you should tell the landlord or agent to take steps (such as make repairs)
to make sure the property is fit to live in. Residential tenancy agreement
The tenancy agreement is a legal agreement."
nsw_tenancy_agreement.pdf,nsw_tenancy_agreement.pdf__00065,"It must include certain terms that cannot be changed or removed. It
may also include additional terms. Verbal agreements are still binding on you and the landlord. Tenant Information Statement – What you must know before you start renting | May 2025
Page 3 of 9
525031_0066TF
Condition report
You should have already received a copy of the condition report, completed by the landlord or agent, before you
signed the agreement."
nsw_tenancy_agreement.pdf,nsw_tenancy_agreement.pdf__00066,"This is an important piece of evidence and you should take the time to check the condition
of the property at the start of the tenancy. If you do not complete the report accurately, money could be taken out
of your bond (after you move out) to pay for damage that was already there when you moved in. You must complete and give a copy of the condition report to your landlord or agent within 7 days after moving into
the property. You must also keep a copy of the completed report."
nsw_tenancy_agreement.pdf,nsw_tenancy_agreement.pdf__00067,"Rent, receipts and records
Rent is a regular payment you make to the landlord to be able to live in the property. You cannot be asked to pay
more than 2 weeks’ rent in advance. Your landlord or agent cannot demand more rent until it is due. Your landlord or agent can serve you with a 14 days termination notice if you are more than 14 days behind with
the rent."
nsw_tenancy_agreement.pdf,nsw_tenancy_agreement.pdf__00068,"Your landlord or agent must:
• give you rent receipts (unless rent is paid into a bank account)
• keep a record of rent you pay
• give you a copy of the rent record within 7 days of your written request for it. Rental bonds
The bond is money you may have to pay at the start of the tenancy as security. It must be in the form of money and
not as a guarantee. Your landlord or agent can only ask for 1 bond for a tenancy agreement."
nsw_tenancy_agreement.pdf,nsw_tenancy_agreement.pdf__00069,"The bond cannot be
more than 4 weeks rent. If the landlord agrees, you can pay the bond in instalments. Your landlord or agent must give you the option to pay your bond using Rental Bonds Online (RBO). You can use
(cid:133)(cid:28)O to securely pay your bond direct to (cid:95)(cid:140)(cid:176) (cid:60)air (cid:148)rading using a credit card or (cid:28)(cid:130)(cid:1)(cid:182), without the need to fill out
and sign a bond lodgement form."
nsw_tenancy_agreement.pdf,nsw_tenancy_agreement.pdf__00070,"Once registered, you can continue to use your RBO account for future tenancies. If you decide not to use RBO, you can ask your agent or landlord for a paper bond lodgement form for you to sign,
so that it can be lodged with NSW Fair Trading. The landlord must deposit any bond you pay them with NSW Fair
Trading within 10 working days. If the bond is paid to the agent, the agent must deposit the bond with NSW Fair
Trading within 10 working days after the end of the month in which the bond was paid."
nsw_tenancy_agreement.pdf,nsw_tenancy_agreement.pdf__00071,"Discrimination when applying for rental property
It is against the law for a landlord or agent to discriminate on the grounds of your race, age, disability, gender,
sexual orientation, marital status or pregnancy. If you feel that a landlord or agent has declined your tenancy application or has treated you less favourably
because of any of those reasons, you can contact the NSW Anti-Discrimination Board on 1800 670 812 or the
(cid:1)ustralian Human (cid:133)ights (cid:29)ommission on 1300 656 419. It is not against the law if a landlord or agent chooses not to have a tenant who smokes, or has a poor tenancy
history or issues with rent payments. Communicating with your landlord or agent
Your landlord must provide you with their name and a way for you to contact them directly, even if your landlord
has an agent."
nsw_tenancy_agreement.pdf,nsw_tenancy_agreement.pdf__00072,"This information must be given to you in writing before or when you sign the tenancy agreement, or it can be
included in the agreement you sign. Your landlord must also let you know, in writing, within 14 days of any changes
to their details. Some formal communication between you and the landlord or agent must be in writing to be valid, for example,
termination notices. You can use email to serve notices or other documents but only if the landlord or agent has
given you permission to use their nominated email address for this purpose."
nsw_tenancy_agreement.pdf,nsw_tenancy_agreement.pdf__00073,"Tenant Information Statement – What you must know before you start renting | May 2025
Page 4 of 9
525031_0066TF
During the tenancy
Ways you can pay your rent
Your landlord or agent must allow you to pay your rent by:
• Electronic bank transfer (such as a funds transfer or BPAY)
• (cid:29)ommonwealth (cid:61)overnment’s (cid:29)entrepay (this requirement to start later in 2025). You may incur costs from your own bank, but your landlord or agent cannot charge or pass on any additional costs
incurred by them if you pay your rent by one of the above options. You also cannot be required to use a specific
service provider (such as an app) to make your payments. Your landlord or agent can offer other ways for you to pay your rent, but you do not have to agree to these."
nsw_tenancy_agreement.pdf,nsw_tenancy_agreement.pdf__00074,"Can rent be increased during the tenancy? (cid:182)our rent cannot be increased in the first 12 months of your tenancy. (cid:1)fter the first year, your landlord or agent
can only increase the rent once in every 12-month period, even if your agreement is renewed or your lease type
changes. This requirement continues even if the agreement is renewed or replaced as long as:
• the landlord and at least one tenant remains the same in both agreements
• the tenant hasn’t moved out between agreements."
nsw_tenancy_agreement.pdf,nsw_tenancy_agreement.pdf__00075,"You must be given at least 60 days written notice before your rent can be increased. Paying for electricity, gas and water usage
You may have to pay the cost for certain utilities as set out in the agreement. For example, you will pay for all:
• electricity, non-bottled gas or oil supply charges if the property is separately metered. Some exceptions apply
for electricity or gas
• charges for the supply of bottled gas during the tenancy."
nsw_tenancy_agreement.pdf,nsw_tenancy_agreement.pdf__00076,"There are limits on when you need to pay for water usage charges. You can only be asked to pay for water usage
if the property is separately metered (or water is delivered by vehicle) and meets the following water efficiency
measures:
• all showerheads have a maximum flow rate of 9 litres per minute
• all internal cold-water taps and single mixer taps for kitchen sinks or bathroom hand basins have a maximum
flow rate of 9 litres per minute
• any leaking taps or toilets on the property are fixed at the start of the agreement and whenever other water
efficiency measures are installed, repaired or upgraded
• toilets are dual flush and have a minimum 3(cid:505)star (cid:176)(cid:40)(cid:88)(cid:140) rating. Repairs and maintenance
(cid:148)he property must always be fit for you to live in. (cid:148)he landlord is responsible for any repairs or maintenance, so the
property is in a reasonable state of repair."
nsw_tenancy_agreement.pdf,nsw_tenancy_agreement.pdf__00077,"They must also ensure the property meets health and safety laws. You are responsible for looking after the property and keeping it clean and undamaged. If the property includes a
yard, lawns and gardens, you must also keep these areas neat and tidy. You need to tell your landlord or the agent of any necessary repairs or damage as soon as possible."
nsw_tenancy_agreement.pdf,nsw_tenancy_agreement.pdf__00078,"The landlord
is responsible for arranging and paying for the repair costs unless you caused or allowed the damage. You are not
responsible for any damage caused by a perpetrator of domestic violence during a domestic violence offence. If the repair is an urgent repair e.g. where there is a burst water service, a blocked or broken toilet, a gas leak or
dangerous electrical fault, your landlord or agent should organise these repairs as soon as reasonably possible after
being notified."
nsw_tenancy_agreement.pdf,nsw_tenancy_agreement.pdf__00079,"If they do not respond to an urgent repair request, you can arrange the repair yourself and the landlord
must repay you up to a maximum amount of $1,000 within 14 days of you requesting payment in writing. A list of
urgent repairs is available at nsw.gov.au/housing-and-construction/rules/urgent-repairs-residential-rental-properties. Tenant Information Statement – What you must know before you start renting | May 2025
(cid:130)age 5 of 9
525031_0066TF
(cid:182)ou can apply to (cid:95)(cid:140)(cid:176) (cid:60)air (cid:148)rading for a rectification order if your landlord refuses or does not provide and
maintain the property in a reasonable state of repair. Similarly, your landlord can apply to NSW Fair Trading for a
rectification order if you do not repair damage you have caused or allowed."
nsw_tenancy_agreement.pdf,nsw_tenancy_agreement.pdf__00080,"(cid:182)ou can also apply to the (cid:95)(cid:140)(cid:176) (cid:29)ivil and
Administrative Tribunal (the Tribunal) for an order if your landlord does not carry out repairs. Smoke alarms must be working
Landlords must ensure that smoke alarms are installed on all levels of the property. Your landlord must maintain
the smoke alarms in your property to ensure they are working. You should notify your landlord or agent if a smoke alarm is not working."
nsw_tenancy_agreement.pdf,nsw_tenancy_agreement.pdf__00081,"They are responsible for repairing (including
replacing a battery) or replacing a smoke alarm within 2 business days after they become aware that it is not working. You can choose to replace a removable battery if it needs replacing, but you must notify the landlord if and when
you do this. You are not responsible for maintaining, repairing or replacing a smoke alarm. However, there are some
circumstances where you can arrange for a smoke alarm to be repaired or replaced."
nsw_tenancy_agreement.pdf,nsw_tenancy_agreement.pdf__00082,"Privacy and access
You have the right to reasonable peace, comfort and privacy when renting. Tenancy laws restrict when and how
often your landlord, agent or other authorised person can enter the property during the tenancy. Your landlord,
agent or authorised person can enter the property without your consent in certain circumstances if proper notice
(if applicable) is provided, for example:
• in an emergency, no notice is necessary
• if the Tribunal orders that access is allowed
• to carry out, or assess the need for, necessary repairs or maintenance of the property, if you have been given at
least 2 days’ notice
• to carry out urgent repairs, no notice is necessary
• to carry out repairs or replacement of a smoke alarm, if you have been given at least 1 hours’ notice
• to inspect or assess the need for repair or replacement of a smoke alarm, if you have been given at least 2
business days’ notice
• to carry out a general inspection of the property if you have been given at least 7 days’ written notice (no more
than 4 inspections are allowed during a 12-month period). How to keep a pet on the property
(cid:182)ou can request to keep a pet on the property by filling out a pet application form and giving it to your landlord or
agent."
nsw_tenancy_agreement.pdf,nsw_tenancy_agreement.pdf__00083,"Your landlord or agent must respond within 21 days of receiving the form. If they don’t respond within this
time, you can keep the pet. Landlords or agents can only refuse consent for a pet if:
• there would be more than four animals on the property, and the number of animals is unreasonable
• the property is not suitable for the animal due to fencing, lack of open space or because it will harm the
animal’s welfare
• the animal is very likely to cause more damage than could be repaired using the bond
• the landlord lives at the property
• keeping the animal would break other laws, local council rules, strata or community scheme by-laws, or a
residential community rule
• you did not agree to a reasonable condition on keeping the animal on the property. There are limits on what kinds of conditions a landlord or agent can set for your pet."
nsw_tenancy_agreement.pdf,nsw_tenancy_agreement.pdf__00084,"For example, landlords or
agents cannot require an increased bond or rent as a condition. Acceptable conditions may include requiring
professional carpet cleaning and pest control. If you disagree with the landlord or agent’s decision or believe the condition for consent was unreasonable, you can
apply to the Tribunal to challenge this. However, if you live in purpose(cid:505)built student accommodation, your landlord can refuse a pet without a specific reason."
nsw_tenancy_agreement.pdf,nsw_tenancy_agreement.pdf__00085,"Tenant Information Statement – What you must know before you start renting | May 2025
Page 6 of 9
525031_0066TF
How to make ‘minor’ changes to the property
You can only make minor changes to the property with your landlord’s written consent, or if the agreement allows
it. Your landlord can only refuse your request if it is reasonable to do so e.g. if the work involves structural changes
or is inconsistent with the nature of the property. There are certain types of ‘minor’ changes where it would be unreasonable for your landlord to refuse consent."
nsw_tenancy_agreement.pdf,nsw_tenancy_agreement.pdf__00086,"For example:
• secure furniture to a non-tiled wall for safety reasons
• fit a childproof latch to an outdoor gate in a single dwelling
• insert fly screens on windows
• install or replace internal window covering (e.g. curtains)
• install cleats or cord guides to secure blind or curtain cords
• install child safety gates inside the property
• install window safety devices for child safety (non-strata only)
• install hand-held shower heads or lever-style taps to assist elderly or disabled occupants
• install or replace hooks, nails or screws for hanging pictures etc. • install a phone line or internet connection (cid:492) plant vegetables, flowers, herbs or shrubs in the garden (cid:492) install
wireless removable outdoor security camera
• apply shatter(cid:505)resistant film to window or glass doors
• make changes that don’t penetrate a surface, or permanently modify a surface, fixture or structure of the property. (cid:140)ome exceptions apply."
nsw_tenancy_agreement.pdf,nsw_tenancy_agreement.pdf__00087,"(cid:148)he landlord can also require that certain minor changes be carried out by a qualified person. You will be responsible for paying for the changes and for any damage you cause to the property. Certain rules
apply for removing any modifications at the end of the tenancy. Your rights in circumstances of domestic violence
Every person has the right to feel safe and live free from domestic violence."
nsw_tenancy_agreement.pdf,nsw_tenancy_agreement.pdf__00088,"If you or your dependent child are
experiencing domestic violence in a rental property, there are options available to you to improve your safety. If you or your dependent child need to escape violence, you can end your tenancy immediately, without penalty. Or, if you wish to stay in your home, you can apply to the Tribunal for an order to end the tenancy of the perpetrator
(if they are another co-tenant). A tenant or any innocent co-tenant is not liable for property damage caused by the perpetrator of violence during a
domestic violence offence."
nsw_tenancy_agreement.pdf,nsw_tenancy_agreement.pdf__00089,"More information about dealing with domestic violence in a rental property is available on nsw.gov.au/renting-
domestic-violence. Ending the tenancy
Termination notice must be given
A tenancy agreement is a legally binding agreement that can only be ended in certain ways. A tenancy will usually
be ended by you or your landlord giving notice to the other party and you vacating on or by the date specified in
the notice. If you are ending a tenancy, you need to give the landlord or agent a written termination notice with the applicable
notice period."
nsw_tenancy_agreement.pdf,nsw_tenancy_agreement.pdf__00090,"In some cases, you can apply directly to the Tribunal for a termination order without issuing a
termination notice (for example if you are experiencing hardship). If your landlord or agent is ending a tenancy, they need to give you a written termination notice in most cases. The
notice must include the reason for ending the tenancy. The amount of notice you must be given will depend on the
reason used."
nsw_tenancy_agreement.pdf,nsw_tenancy_agreement.pdf__00091,"A Termination Information Statement must be provided with the termination notice. Tenant Information Statement – What you must know before you start renting | May 2025
Page 7 of 9
525031_0066TF
If you do not leave by the date specified in the termination notice, the landlord or agent can apply to the (cid:148)ribunal
for termination and possession orders. If you do not comply with the (cid:148)ribunal order, a (cid:140)heriff’s Officer can legally
remove you from the property under a warrant for possession. (cid:182)ou cannot be locked out of your home under any circumstances unless a (cid:140)heriff’s Officer is enforcing a warrant
for possession issued by the Tribunal or a court."
nsw_tenancy_agreement.pdf,nsw_tenancy_agreement.pdf__00092,"Ending a tenancy in circumstances of domestic violence
If you or your dependent child are in circumstances of domestic violence, you can end your tenancy immediately,
without penalty. To do this you must give your landlord a domestic violence termination notice with the relevant
evidence and give a domestic violence termination notice to any co-tenants. These notices do not need to be given in person. No minimum notice period applies to a domestic violence
termination notice, but it must include a termination date that is on or after the day the notice is given."
nsw_tenancy_agreement.pdf,nsw_tenancy_agreement.pdf__00093,"If you end
your tenancy by issuing a domestic violence termination notice, you cannot be listed on a tenant database. More information about ending a tenancy due to domestic violence is available on nsw.gov.au/renting-domestic-
violence. Brea(cid:283) fee for ending a fixed term agreement ear(cid:286)y
If you decide to end a fixed term agreement early, and the agreement is for 3 years or less, you will need to pay
a break fee. The amount of the break fee will depend on how far into your lease you are when you end it."
nsw_tenancy_agreement.pdf,nsw_tenancy_agreement.pdf__00094,"For
example, the fee will be:
• 4 weeks rent if you are less than 25% through the term of your lease
• 3 weeks rent if you are at least 25% but less than halfway through the term of your lease
• 2 weeks rent if you are at least halfway but less than 75% through the term of your lease
• 1 weeks rent if you are at least 75% through the term of your lease. The break fee does not apply if you end the agreement early for certain reasons allowed under the Act, such as
when you or your dependent child are in circumstances of domestic violence. The break fee also does not apply if your landlord gives you a termination notice, and you decide to leave before
the termination date. However, to do this you must give the landlord an early exit notice with the date you will leave,
and give at least 14 days’ notice before you move out."
nsw_tenancy_agreement.pdf,nsw_tenancy_agreement.pdf__00095,"Getting the rental bond returned
You should receive the bond in full at the end of the tenancy unless there is a reason for the landlord to make a
claim against the bond. The landlord can claim the bond if:
• rent or other charges (e.g. unpaid water usage bills, break fee) are owing
• copies of the keys were not given back and the locks needed to be changed
• you caused damage or did not leave the property in a reasonably clean condition compared to the original
condition report, apart from ‘fair wear and tear’. You are not liable for fair wear and tear to the property that occurs over time with the use of the property, even
when the property receives reasonable care and maintenance."
nsw_tenancy_agreement.pdf,nsw_tenancy_agreement.pdf__00096,"The condition report can be used to compare the state of the property at the start and end of the tenancy. Tenant Information Statement – What you must know before you start renting | May 2025
Page 8 of 9
525031_0066TF
Checklist
You should only sign the agreement when you can answer Yes to the following. The tenancy agreement
I have read the agreement and asked questions if there were things I did not understand. I understand the fixed term of the agreement is negotiated before I sign, which means it can be for 6 months,
12 months, or some other period."
nsw_tenancy_agreement.pdf,nsw_tenancy_agreement.pdf__00097,"I understand that any additional terms to the agreement can be negotiated before I sign. I have checked that all additional terms to the agreement are allowed and any terms relating to pets are
reasonable conditions. Promised repairs
(cid:60)or any promises the landlord or agent makes to fix anything (e.g. replace the oven, etc.)"
nsw_tenancy_agreement.pdf,nsw_tenancy_agreement.pdf__00098,"or do other work (e.g. paint a room, clean up the backyard, etc. ):
I have made sure these have already been done or
I have a statement in writing (before signing the agreement) that they will be done. Upfront costs
I can only be asked to pay:
(cid:510) no more than 2 weeks rent in advance
(cid:510) no more than 4 weeks rent as a rental bond
(cid:510) no more than 1 weeks rent as a holding fee (deposit)
(cid:510) a fee for registering the agreement with (cid:95)(cid:140)(cid:176) (cid:88)and (cid:133)egistry (if 3 years or more)."
nsw_tenancy_agreement.pdf,nsw_tenancy_agreement.pdf__00099,"I am not being charged any other costs, including:
(cid:510) the cost of preparing the tenancy agreement
(cid:510) the initial supply of keys and other opening devices to each tenant named in the agreement. Top tips for problem-free renting
Some useful tips to help avoid problems when renting:
• Keep a copy of your agreement, condition report, rent receipts, Rental Bond Number and copies of letters/
emails you send or receive in a safe place where you can easily find them later. • (cid:130)hotos are a great way to record the condition of the property when you first move in. (cid:148)ake date(cid:505)stamped
photos of the property, especially areas that are damaged or unclean."
nsw_tenancy_agreement.pdf,nsw_tenancy_agreement.pdf__00100,"Keep these photos in case the landlord
objects to returning your bond at the end of your tenancy. • Comply with the terms of your agreement and never stop paying your rent, even if you don’t think the landlord is
complying with their side of the agreement (e.g. by failing to do repairs). You could end up being evicted if you do."
nsw_tenancy_agreement.pdf,nsw_tenancy_agreement.pdf__00101,"• Never make any changes to the property, or let other people move in without asking the landlord or agent for
permission first. • Keep a written record of your dealings with the landlord or agent (for example by keeping copies of emails or
a diary record of your conversations, including the times and dates, who you spoke to and what they agreed to
do). It is helpful to have any agreements in writing, for example requests for repairs. This is a useful record and
can also assist if there is a dispute."
nsw_tenancy_agreement.pdf,nsw_tenancy_agreement.pdf__00102,"• (cid:29)onsider taking out home contents insurance to cover your belongings in case of theft, fires and natural
disasters. The landlord’s building insurance, if they have it, will not cover your belongings. • If the property has a pool or garden, be clear about what the landlord or agent expects you to do to maintain them. • Be careful with what you sign relating to your tenancy and do not let anybody rush you."
nsw_tenancy_agreement.pdf,nsw_tenancy_agreement.pdf__00103,"Never sign a blank form,
such as a ‘Claim for refund of bond’ form. Tenant Information Statement – What you must know before you start renting | May 2025
Page 9 of 9
525031_0066TF
More information
Visit nsw.gov.au/renting or call 13 32 20 for more information about your renting rights and responsibilities. The
NSW Government funds a range of community-based Tenants Advice and Advocacy Services across NSW to
provide advice, information and advocacy to tenants. Visit the Tenants’ Union website at tenants.org.au."
nsw_tenancy_agreement.pdf,nsw_tenancy_agreement.pdf__00104,"Contact us
T: 13 32 20
W: nsw.gov.au/fair-trading
(cid:60)or language assistance, call 13 14 50 (ask for an interpreter in your language)
(cid:587) (cid:140)tate of (cid:95)ew (cid:140)outh (cid:176)ales ((cid:95)(cid:140)(cid:176) (cid:60)air (cid:148)rading), 2025. Creative Commons Attribution 4.0 licence. For information visit fairtrading.nsw.gov.au/copyright
This publication must not be relied on as legal advice. For more information about this topic, refer to the appropriate legislation."
nsw_tenancy_agreement.pdf,nsw_tenancy_agreement.pdf__00105,Tenant Information Statement – What you must know before you start renting | May 2025
